{
    "shell-version": [
        "46",
        "47",
        "48"
    ],
    "uuid": "status-area-horizontal-spacing@mathematical.coffee.gmail.com",
    "name": "Status Area Horizontal Spacing",
    "description": "Reduce the horizontal spacing between icons in the top-right status area",
    "settings-schema": "org.gnome.shell.extensions.status-area-horizontal-spacing",
    "gettext-domain": "org.gnome.shell.extensions.status-area-horizontal-spacing",
    "url": "https://gitlab.com/p91paul/status-area-horizontal-spacing-gnome-shell-extension",
    "dev-version": "2.1.6",
    "session-modes": [
        "user",
        "unlock-dialog"
    ]
}
